{
	"info": {
		"_postman_id": "bdfb41c9-10f4-4342-8588-c6dbd48a3c32",
		"name": "Smart Village",
		"schema": "https://schema.getpostman.com/json/collection/v2.1.0/collection.json",
		"_exporter_id": "36205816"
	},
	"item": [
		{
			"name": "Login (Admin, User)",
			"request": {
				"method": "POST",
				"header": [],
				"body": {
					"mode": "raw",
					"raw": "{\r\n    \"username\": \"null\",\r\n    \"password\": \"12345678\"\r\n}",
					"options": {
						"raw": {
							"language": "json"
						}
					}
				},
				"url": {
					"raw": "{{base_url}}/api/auth/login",
					"host": [
						"{{base_url}}"
					],
					"path": [
						"api",
						"auth",
						"login"
					]
				}
			},
			"response": []
		},
		{
			"name": "Register / User Create",
			"request": {
				"method": "POST",
				"header": [],
				"body": {
					"mode": "raw",
					"raw": "{\r\n    \"name\": \"ihsan\",\r\n    \"username\": \"null\",\r\n    \"password\": \"12345678\"\r\n}",
					"options": {
						"raw": {
							"language": "json"
						}
					}
				},
				"url": {
					"raw": "{{base_url}}/api/user",
					"host": [
						"{{base_url}}"
					],
					"path": [
						"api",
						"user"
					]
				}
			},
			"response": []
		},
		{
			"name": "Me (Admin, User)",
			"request": {
				"method": "GET",
				"header": [],
				"url": {
					"raw": "{{base_url}}/api/auth/me",
					"host": [
						"{{base_url}}"
					],
					"path": [
						"api",
						"auth",
						"me"
					]
				}
			},
			"response": []
		},
		{
			"name": "User List (Admin)",
			"request": {
				"method": "GET",
				"header": [],
				"url": {
					"raw": "{{base_url}}/api/user",
					"host": [
						"{{base_url}}"
					],
					"path": [
						"api",
						"user"
					]
				}
			},
			"response": []
		},
		{
			"name": "User Get (Admin)",
			"request": {
				"method": "GET",
				"header": [],
				"url": {
					"raw": "{{base_url}}/api/user/17",
					"host": [
						"{{base_url}}"
					],
					"path": [
						"api",
						"user",
						"17"
					]
				}
			},
			"response": []
		},
		{
			"name": "User Update (Admin)",
			"request": {
				"method": "PUT",
				"header": [],
				"body": {
					"mode": "raw",
					"raw": "{\r\n    \"name\": \"karimah irsyadiah\",\r\n    \"username\": \"ima\",\r\n    \"password\": \"12345678\"\r\n}",
					"options": {
						"raw": {
							"language": "json"
						}
					}
				},
				"url": {
					"raw": "{{base_url}}/api/user/1",
					"host": [
						"{{base_url}}"
					],
					"path": [
						"api",
						"user",
						"1"
					]
				}
			},
			"response": []
		},
		{
			"name": "User Delete (Admin)",
			"request": {
				"method": "DELETE",
				"header": [],
				"body": {
					"mode": "raw",
					"raw": "{\r\n    \"name\": \"karimah irsyadiah\",\r\n    \"username\": \"ima\",\r\n    \"password\": \"12345678\"\r\n}",
					"options": {
						"raw": {
							"language": "json"
						}
					}
				},
				"url": {
					"raw": "{{base_url}}/api/user/9",
					"host": [
						"{{base_url}}"
					],
					"path": [
						"api",
						"user",
						"9"
					]
				}
			},
			"response": []
		},
		{
			"name": "Presence List (Admin)",
			"request": {
				"method": "GET",
				"header": [],
				"url": {
					"raw": "{{base_url}}/api/presence",
					"host": [
						"{{base_url}}"
					],
					"path": [
						"api",
						"presence"
					]
				}
			},
			"response": []
		},
		{
			"name": "Presence Get (Admin, User)",
			"request": {
				"method": "GET",
				"header": [],
				"url": {
					"raw": "{{base_url}}/api/presence/",
					"host": [
						"{{base_url}}"
					],
					"path": [
						"api",
						"presence",
						""
					]
				}
			},
			"response": []
		},
		{
			"name": "Presence Create (Admin)",
			"request": {
				"method": "POST",
				"header": [],
				"body": {
					"mode": "formdata",
					"formdata": [
						{
							"key": "user_id",
							"value": "17",
							"type": "text"
						},
						{
							"key": "location",
							"value": "Padang",
							"type": "text"
						},
						{
							"key": "type",
							"value": "masuk",
							"type": "text"
						}
					]
				},
				"url": {
					"raw": "{{base_url}}/api/presence",
					"host": [
						"{{base_url}}"
					],
					"path": [
						"api",
						"presence"
					]
				}
			},
			"response": []
		},
		{
			"name": "Presence Update (Admin)",
			"request": {
				"method": "PUT",
				"header": [],
				"body": {
					"mode": "formdata",
					"formdata": [
						{
							"key": "user_id",
							"value": "17",
							"type": "text",
							"disabled": true
						},
						{
							"key": "location",
							"value": "sijunjung",
							"type": "text",
							"disabled": true
						},
						{
							"key": "type",
							"value": "keluar",
							"type": "text"
						}
					]
				},
				"url": {
					"raw": "{{base_url}}/api/presence/3",
					"host": [
						"{{base_url}}"
					],
					"path": [
						"api",
						"presence",
						"3"
					]
				}
			},
			"response": []
		},
		{
			"name": "Presence Delete (Admin)",
			"request": {
				"method": "DELETE",
				"header": [],
				"body": {
					"mode": "raw",
					"raw": "{\r\n    \"name\": \"karimah irsyadiah\",\r\n    \"username\": \"ima\",\r\n    \"password\": \"12345678\"\r\n}",
					"options": {
						"raw": {
							"language": "json"
						}
					}
				},
				"url": {
					"raw": "{{base_url}}/api/presence/2",
					"host": [
						"{{base_url}}"
					],
					"path": [
						"api",
						"presence",
						"2"
					]
				}
			},
			"response": []
		},
		{
			"name": "Presence User (User)",
			"request": {
				"method": "POST",
				"header": [],
				"body": {
					"mode": "formdata",
					"formdata": [
						{
							"key": "location",
							"value": "Padang",
							"type": "text"
						},
						{
							"key": "type",
							"value": "masuk",
							"type": "text"
						},
						{
							"key": "image",
							"type": "file",
							"src": "/C:/Users/zexce/Pictures/7c5f11bc673d4980aba9f18f23482dfe.jpg"
						}
					]
				},
				"url": {
					"raw": "{{base_url}}/api/user/presence",
					"host": [
						"{{base_url}}"
					],
					"path": [
						"api",
						"user",
						"presence"
					]
				}
			},
			"response": []
		},
		{
			"name": "Image Get (Admin)",
			"request": {
				"method": "GET",
				"header": [],
				"url": {
					"raw": "{{base_url}}/api/image/0369b297-a227-4c4d-8da9-efc368e28f5d.jpg",
					"host": [
						"{{base_url}}"
					],
					"path": [
						"api",
						"image",
						"0369b297-a227-4c4d-8da9-efc368e28f5d.jpg"
					]
				}
			},
			"response": []
		}
	],
	"auth": {
		"type": "bearer",
		"bearer": [
			{
				"key": "token",
				"value": "eyJhbGciOiJIUzI1NiIsInR5cCI6IkpXVCJ9.eyJpZCI6MSwiZXhwIjoxNzI3ODc4NjU5LCJuYmYiOjE3Mjc3OTIyNTksImlhdCI6MTcyNzc5MjI1OX0.8ZoFVU32kFPfiAxRMlWZ4CSUmhToxXkd9ZOEFPP6j9M",
				"type": "string"
			}
		]
	},
	"event": [
		{
			"listen": "prerequest",
			"script": {
				"type": "text/javascript",
				"packages": {},
				"exec": [
					""
				]
			}
		},
		{
			"listen": "test",
			"script": {
				"type": "text/javascript",
				"packages": {},
				"exec": [
					""
				]
			}
		}
	],
	"variable": [
		{
			"key": "base_url",
			"value": "http://localhost:8080",
			"type": "string"
		}
	]
}